product_name,brand,category,plan,price_usd,regular_price_usd,on_sale,price_vnd_original,logo_file,supplier_url
Envato Elements — Upgrade Package,Envato Elements,Design & Creative Assets,Core (1 month),20.43,20.43,no,530000,logos/goi-nang-cap-tai-khoan-envato-elements.png,https://tainguyensieure.com/goi-nang-cap-tai-khoan-envato-elements/
Make.com — Upgrade Package,Make.com,Automation & Workflows,Core (official $10.59/mo value),6.17,6.17,no,160000,logos/goi-nang-cap-tai-khoan-make-com.png,https://tainguyensieure.com/goi-nang-cap-tai-khoan-make-com/
Make.com — Upgrade Package,Make.com,Automation & Workflows,Pro (official $18.82/mo value),10.79,10.79,no,280000,logos/goi-nang-cap-tai-khoan-make-com.png,https://tainguyensieure.com/goi-nang-cap-tai-khoan-make-com/
Make.com — Upgrade Package,Make.com,Automation & Workflows,annual (contact us),38.55,38.55,no,999999,logos/goi-nang-cap-tai-khoan-make-com.png,https://tainguyensieure.com/goi-nang-cap-tai-khoan-make-com/
Studocu Premium,Studocu,Education & Study,1 month,2.66,2.66,no,69000,logos/mua-tai-khoan-studocu-gia-re.png,https://tainguyensieure.com/mua-tai-khoan-studocu-gia-re/
Studocu Premium,Studocu,Education & Study,3 months,6.90,6.90,no,179000,logos/mua-tai-khoan-studocu-gia-re.png,https://tainguyensieure.com/mua-tai-khoan-studocu-gia-re/
Studocu Premium,Studocu,Education & Study,12 months,19.24,19.24,no,499000,logos/mua-tai-khoan-studocu-gia-re.png,https://tainguyensieure.com/mua-tai-khoan-studocu-gia-re/
Canva EDU Pro Upgrade,Canva,Design & Creative Assets,Canva pro 1 month,1.12,1.12,no,29000,logos/nang-cap-canva-edu-pro.png,https://tainguyensieure.com/nang-cap-canva-edu-pro/
Canva EDU Pro Upgrade,Canva,Design & Creative Assets,Canva pro 1 year,2.27,2.27,no,59000,logos/nang-cap-canva-edu-pro.png,https://tainguyensieure.com/nang-cap-canva-edu-pro/
Google One AI Pro/Ultra & Antigravity Upgrade,Google One,AI & Productivity,Google AI Pro Slot — 1 year,9.64,57.82,yes,250000,logos/nang-cap-google-one-ai-pro-ultra-antigravity.png,https://tainguyensieure.com/nang-cap-google-one-ai-pro-ultra-antigravity/
Google One AI Pro/Ultra & Antigravity Upgrade,Google One,AI & Productivity,Google AI Pro Family — 1 year,19.27,46.26,yes,500000,logos/nang-cap-google-one-ai-pro-ultra-antigravity.png,https://tainguyensieure.com/nang-cap-google-one-ai-pro-ultra-antigravity/
Google One AI Pro/Ultra & Antigravity Upgrade,Google One,AI & Productivity,Google AI Ultra ×5 — 1 month,57.82,115.65,yes,1500000,logos/nang-cap-google-one-ai-pro-ultra-antigravity.png,https://tainguyensieure.com/nang-cap-google-one-ai-pro-ultra-antigravity/
Google One AI Pro/Ultra & Antigravity Upgrade,Google One,AI & Productivity,Google AI Ultra ×20 — 1 month,77.10,154.19,yes,2000000,logos/nang-cap-google-one-ai-pro-ultra-antigravity.png,https://tainguyensieure.com/nang-cap-google-one-ai-pro-ultra-antigravity/
Abacus.AI Upgrade,Abacus.AI,AI & Data Science,Basic 1 month,7.71,7.71,no,200000,logos/nang-cap-tai-khoan-abacus-ai-chinh-chu.png,https://tainguyensieure.com/nang-cap-tai-khoan-abacus-ai-chinh-chu/
Abacus.AI Upgrade,Abacus.AI,AI & Data Science,Pro 1 month,13.49,13.49,no,350000,logos/nang-cap-tai-khoan-abacus-ai-chinh-chu.png,https://tainguyensieure.com/nang-cap-tai-khoan-abacus-ai-chinh-chu/
Artistly Upgrade,Artistly,AI Image & Design,Commercial,18.89,18.89,no,490000,logos/nang-cap-tai-khoan-artistly-chinh-chu.png,https://tainguyensieure.com/nang-cap-tai-khoan-artistly-chinh-chu/
Artistly Upgrade,Artistly,AI Image & Design,Premium,56.67,56.67,no,1470000,logos/nang-cap-tai-khoan-artistly-chinh-chu.png,https://tainguyensieure.com/nang-cap-tai-khoan-artistly-chinh-chu/
Captions AI Upgrade,Captions,AI Video,Max 1 month,14.46,14.46,no,375000,logos/nang-cap-tai-khoan-captions-chinh-chu.png,https://tainguyensieure.com/nang-cap-tai-khoan-captions-chinh-chu/
Captions AI Upgrade,Captions,AI Video,Scale 1 month,30.84,30.84,no,800000,logos/nang-cap-tai-khoan-captions-chinh-chu.png,https://tainguyensieure.com/nang-cap-tai-khoan-captions-chinh-chu/
ClickSites Upgrade,ClickSites,AI Website Builder,Basic,18.89,18.89,no,490000,logos/nang-cap-tai-khoan-clicksites-chinh-chu.png,https://tainguyensieure.com/nang-cap-tai-khoan-clicksites-chinh-chu/
ClickSites Upgrade,ClickSites,AI Website Builder,All-Access,69.00,69.00,no,1790000,logos/nang-cap-tai-khoan-clicksites-chinh-chu.png,https://tainguyensieure.com/nang-cap-tai-khoan-clicksites-chinh-chu/
ClickUp — Unlimited & Business,ClickUp,Productivity & Project Management,Unlimited 1 month,5.78,5.78,no,150000,logos/nang-cap-tai-khoan-clickup-chinh-chu.png,https://tainguyensieure.com/nang-cap-tai-khoan-clickup-chinh-chu/
ClickUp — Unlimited & Business,ClickUp,Productivity & Project Management,Business 1 month,10.99,10.99,no,285000,logos/nang-cap-tai-khoan-clickup-chinh-chu.png,https://tainguyensieure.com/nang-cap-tai-khoan-clickup-chinh-chu/
Comfy Cloud (ComfyUI) Upgrade,Comfy Cloud,AI Image & Video Infrastructure,STANDARD (1 month),15.42,23.13,yes,400000,logos/nang-cap-tai-khoan-comfy-cloud.png,https://tainguyensieure.com/nang-cap-tai-khoan-comfy-cloud/
Comfy Cloud (ComfyUI) Upgrade,Comfy Cloud,AI Image & Video Infrastructure,CREATOR (1 month),21.20,34.69,yes,550000,logos/nang-cap-tai-khoan-comfy-cloud.png,https://tainguyensieure.com/nang-cap-tai-khoan-comfy-cloud/
Consensus Pro,Consensus,Academic Research,Full access (single plan),15.42,15.42,no,400000,logos/nang-cap-tai-khoan-consensus-chinh-chu.png,https://tainguyensieure.com/nang-cap-tai-khoan-consensus-chinh-chu/
Elicit AI Upgrade,Elicit,Academic Research,Elicit Plus 1 month own-account,7.71,7.71,no,200000,logos/nang-cap-tai-khoan-elicit-ai-chinh-chu.png,https://tainguyensieure.com/nang-cap-tai-khoan-elicit-ai-chinh-chu/
Elicit AI Upgrade,Elicit,Academic Research,Elicit Pro 1 month own-account,28.91,28.91,no,750000,logos/nang-cap-tai-khoan-elicit-ai-chinh-chu.png,https://tainguyensieure.com/nang-cap-tai-khoan-elicit-ai-chinh-chu/
Enhancor AI Upgrade,Enhancor,AI Image Retouching,Basic 1 month,8.48,8.48,no,220000,logos/nang-cap-tai-khoan-enhancor-chinh-chu.png,https://tainguyensieure.com/nang-cap-tai-khoan-enhancor-chinh-chu/
Enhancor AI Upgrade,Enhancor,AI Image Retouching,Creator 1 month,25.06,25.06,no,650000,logos/nang-cap-tai-khoan-enhancor-chinh-chu.png,https://tainguyensieure.com/nang-cap-tai-khoan-enhancor-chinh-chu/
HeyGen — Creator,HeyGen,AI Video & Avatars,Creator 1 month,23.13,34.69,yes,600000,logos/nang-cap-tai-khoan-heygen-chinh-chu-gia-re.png,https://tainguyensieure.com/nang-cap-tai-khoan-heygen-chinh-chu-gia-re/
Kits.ai Upgrade,Kits.ai,AI Music & Voice,Starter 1 month,5.78,5.78,no,150000,logos/nang-cap-tai-khoan-kits-ai-chinh-chu.png,https://tainguyensieure.com/nang-cap-tai-khoan-kits-ai-chinh-chu/
Kits.ai Upgrade,Kits.ai,AI Music & Voice,Producer 1 month,17.35,17.35,no,450000,logos/nang-cap-tai-khoan-kits-ai-chinh-chu.png,https://tainguyensieure.com/nang-cap-tai-khoan-kits-ai-chinh-chu/
Kits.ai Upgrade,Kits.ai,AI Music & Voice,Professional 1 month,30.84,30.84,no,800000,logos/nang-cap-tai-khoan-kits-ai-chinh-chu.png,https://tainguyensieure.com/nang-cap-tai-khoan-kits-ai-chinh-chu/
MagicLight AI Upgrade,MagicLight AI,AI Animation & Video,Standard 1 month,8.87,8.87,no,230000,logos/nang-cap-tai-khoan-magiclight-ai-chinh-chu.png,https://tainguyensieure.com/nang-cap-tai-khoan-magiclight-ai-chinh-chu/
MagicLight AI Upgrade,MagicLight AI,AI Animation & Video,Plus 1 month,19.27,19.27,no,500000,logos/nang-cap-tai-khoan-magiclight-ai-chinh-chu.png,https://tainguyensieure.com/nang-cap-tai-khoan-magiclight-ai-chinh-chu/
MagicLight AI Upgrade,MagicLight AI,AI Animation & Video,Pro 1 month,30.84,30.84,no,800000,logos/nang-cap-tai-khoan-magiclight-ai-chinh-chu.png,https://tainguyensieure.com/nang-cap-tai-khoan-magiclight-ai-chinh-chu/
Meshy AI Upgrade,Meshy AI,AI 3D Generation,Premium 1 month,11.56,17.35,yes,300000,logos/nang-cap-tai-khoan-meshy-ai-chinh-chu.png,https://tainguyensieure.com/nang-cap-tai-khoan-meshy-ai-chinh-chu/
Meshy AI Upgrade,Meshy AI,AI 3D Generation,Pro 1 month,6.13,9.64,yes,159000,logos/nang-cap-tai-khoan-meshy-ai-chinh-chu.png,https://tainguyensieure.com/nang-cap-tai-khoan-meshy-ai-chinh-chu/
Meshy AI Upgrade,Meshy AI,AI 3D Generation,Studio 1 month,38.51,38.51,no,999000,logos/nang-cap-tai-khoan-meshy-ai-chinh-chu.png,https://tainguyensieure.com/nang-cap-tai-khoan-meshy-ai-chinh-chu/
OpenArt AI Upgrade,OpenArt AI,AI Image & Art,Essential 1 month,9.64,9.64,no,250000,logos/nang-cap-tai-khoan-openart-ai-chinh-chu-gia-re.png,https://tainguyensieure.com/nang-cap-tai-khoan-openart-ai-chinh-chu-gia-re/
OpenArt AI Upgrade,OpenArt AI,AI Image & Art,Advanced 1 month,18.89,18.89,no,490000,logos/nang-cap-tai-khoan-openart-ai-chinh-chu-gia-re.png,https://tainguyensieure.com/nang-cap-tai-khoan-openart-ai-chinh-chu-gia-re/
OpenArt AI Upgrade,OpenArt AI,AI Image & Art,Infinite 1 month,32.38,32.38,no,840000,logos/nang-cap-tai-khoan-openart-ai-chinh-chu-gia-re.png,https://tainguyensieure.com/nang-cap-tai-khoan-openart-ai-chinh-chu-gia-re/
OpusClip Upgrade,OpusClip,AI Video Repurposing,Pro (promo),8.87,8.87,no,230000,logos/nang-cap-tai-khoan-opusclip-chinh-chu.png,https://tainguyensieure.com/nang-cap-tai-khoan-opusclip-chinh-chu/
OpusClip Upgrade,OpusClip,AI Video Repurposing,Starter (promo),4.63,4.63,no,120000,logos/nang-cap-tai-khoan-opusclip-chinh-chu.png,https://tainguyensieure.com/nang-cap-tai-khoan-opusclip-chinh-chu/
OpusClip Upgrade,OpusClip,AI Video Repurposing,Starter 1 month,9.64,9.64,no,250000,logos/nang-cap-tai-khoan-opusclip-chinh-chu.png,https://tainguyensieure.com/nang-cap-tai-khoan-opusclip-chinh-chu/
OpusClip Upgrade,OpusClip,AI Video Repurposing,Pro 1 month,15.42,15.42,no,400000,logos/nang-cap-tai-khoan-opusclip-chinh-chu.png,https://tainguyensieure.com/nang-cap-tai-khoan-opusclip-chinh-chu/
Originality.ai Upgrade,Originality.ai,Content Integrity,Pro 1 month,8.67,8.67,no,225000,logos/nang-cap-tai-khoan-originality-ai-chinh-chu.png,https://tainguyensieure.com/nang-cap-tai-khoan-originality-ai-chinh-chu/
Originality.ai Upgrade,Originality.ai,Content Integrity,Pay as you go,17.35,17.35,no,450000,logos/nang-cap-tai-khoan-originality-ai-chinh-chu.png,https://tainguyensieure.com/nang-cap-tai-khoan-originality-ai-chinh-chu/
Originality.ai Upgrade,Originality.ai,Content Integrity,Enterprise 1 month,69.00,69.00,no,1790000,logos/nang-cap-tai-khoan-originality-ai-chinh-chu.png,https://tainguyensieure.com/nang-cap-tai-khoan-originality-ai-chinh-chu/
Pacdora 3D Upgrade,Pacdora,Packaging Design,Lite (1 month),7.71,13.49,yes,200000,logos/nang-cap-tai-khoan-pacdora.png,https://tainguyensieure.com/nang-cap-tai-khoan-pacdora/
Pacdora 3D Upgrade,Pacdora,Packaging Design,Pro (1 month),17.35,28.91,yes,450000,logos/nang-cap-tai-khoan-pacdora.png,https://tainguyensieure.com/nang-cap-tai-khoan-pacdora/
Scribd Premium,Scribd,Reading & Documents,Premium (official $10/mo value),5.78,5.78,no,150000,logos/nang-cap-tai-khoan-scribd.png,https://tainguyensieure.com/nang-cap-tai-khoan-scribd/
Scribd Premium,Scribd,Reading & Documents,Premium (official $85/yr value),32.77,32.77,no,850000,logos/nang-cap-tai-khoan-scribd.png,https://tainguyensieure.com/nang-cap-tai-khoan-scribd/
TopMediai Upgrade,TopMediai,AI Audio & Video,AI Music SVIP 1 month,7.71,7.71,no,200000,logos/nang-cap-tai-khoan-topmediai-chinh-chu.png,https://tainguyensieure.com/nang-cap-tai-khoan-topmediai-chinh-chu/
TopMediai Upgrade,TopMediai,AI Audio & Video,Voiceover SVIP 1 month,11.56,11.56,no,300000,logos/nang-cap-tai-khoan-topmediai-chinh-chu.png,https://tainguyensieure.com/nang-cap-tai-khoan-topmediai-chinh-chu/
TopMediai Upgrade,TopMediai,AI Audio & Video,All-in-one SVIP 1 month,19.27,19.27,no,500000,logos/nang-cap-tai-khoan-topmediai-chinh-chu.png,https://tainguyensieure.com/nang-cap-tai-khoan-topmediai-chinh-chu/
Tripo Studio Upgrade,Tripo Studio,AI 3D Generation,Professional 1 month,7.71,7.71,no,200000,logos/nang-cap-tai-khoan-tripo-studio-chinh-chu.png,https://tainguyensieure.com/nang-cap-tai-khoan-tripo-studio-chinh-chu/
Tripo Studio Upgrade,Tripo Studio,AI 3D Generation,Max 1 month,26.98,26.98,no,700000,logos/nang-cap-tai-khoan-tripo-studio-chinh-chu.png,https://tainguyensieure.com/nang-cap-tai-khoan-tripo-studio-chinh-chu/
UX Pilot AI — Standard & Pro,UX Pilot,AI UX/UI Design,Standard 1 month,11.56,11.56,no,300000,logos/nang-cap-tai-khoan-uxpilot-ai-chinh-chu.png,https://tainguyensieure.com/nang-cap-tai-khoan-uxpilot-ai-chinh-chu/
UX Pilot AI — Standard & Pro,UX Pilot,AI UX/UI Design,Pro 1 month,16.77,16.77,no,435000,logos/nang-cap-tai-khoan-uxpilot-ai-chinh-chu.png,https://tainguyensieure.com/nang-cap-tai-khoan-uxpilot-ai-chinh-chu/
VideoCreator Upgrade,VideoCreator,Video Templates,Full access (single plan),18.89,18.89,no,490000,logos/nang-cap-tai-khoan-videocreator-chinh-chu.png,https://tainguyensieure.com/nang-cap-tai-khoan-videocreator-chinh-chu/
VideoExpress Upgrade,VideoExpress,AI Video,Foundation plan,30.84,30.84,no,800000,logos/nang-cap-tai-khoan-videoexpress-chinh-chu.png,https://tainguyensieure.com/nang-cap-tai-khoan-videoexpress-chinh-chu/
VideoExpress Upgrade,VideoExpress,AI Video,All-Access plan,96.37,96.37,no,2500000,logos/nang-cap-tai-khoan-videoexpress-chinh-chu.png,https://tainguyensieure.com/nang-cap-tai-khoan-videoexpress-chinh-chu/
VidIQ Upgrade — Boost & Max,VidIQ,YouTube Growth,Boost 1 month,4.97,9.64,yes,129000,logos/nang-cap-tai-khoan-vidiq-chinh-chu.png,https://tainguyensieure.com/nang-cap-tai-khoan-vidiq-chinh-chu/
VidIQ Upgrade — Boost & Max,VidIQ,YouTube Growth,Max 1 month,7.71,23.13,yes,200000,logos/nang-cap-tai-khoan-vidiq-chinh-chu.png,https://tainguyensieure.com/nang-cap-tai-khoan-vidiq-chinh-chu/
Vizard Upgrade,Vizard,AI Video Repurposing,Creator 1 month,16.77,16.77,no,435000,logos/nang-cap-tai-khoan-vizard-chinh-chu.png,https://tainguyensieure.com/nang-cap-tai-khoan-vizard-chinh-chu/
Vizard Upgrade,Vizard,AI Video Repurposing,Business 1 month,22.55,22.55,no,585000,logos/nang-cap-tai-khoan-vizard-chinh-chu.png,https://tainguyensieure.com/nang-cap-tai-khoan-vizard-chinh-chu/
Vmake AI Upgrade,Vmake AI,AI Video & Image,Plus 1 month,5.78,5.78,no,150000,logos/nang-cap-tai-khoan-vmake-ai-chinh-chu-gia-re.png,https://tainguyensieure.com/nang-cap-tai-khoan-vmake-ai-chinh-chu-gia-re/
Vmake AI Upgrade,Vmake AI,AI Video & Image,plus 1 year,38.51,38.51,no,999000,logos/nang-cap-tai-khoan-vmake-ai-chinh-chu-gia-re.png,https://tainguyensieure.com/nang-cap-tai-khoan-vmake-ai-chinh-chu-gia-re/
Vmake AI Upgrade,Vmake AI,AI Video & Image,Pro 1 month,19.27,26.98,yes,500000,logos/nang-cap-tai-khoan-vmake-ai-chinh-chu-gia-re.png,https://tainguyensieure.com/nang-cap-tai-khoan-vmake-ai-chinh-chu-gia-re/
WeShop AI Upgrade,WeShop AI,E-commerce AI,Monthly 1 month,9.64,9.64,no,250000,logos/nang-cap-tai-khoan-weshop-ai-chinh-chu-gia-re.png,https://tainguyensieure.com/nang-cap-tai-khoan-weshop-ai-chinh-chu-gia-re/
WeShop AI Upgrade,WeShop AI,E-commerce AI,Point pack $58,34.69,34.69,no,900000,logos/nang-cap-tai-khoan-weshop-ai-chinh-chu-gia-re.png,https://tainguyensieure.com/nang-cap-tai-khoan-weshop-ai-chinh-chu-gia-re/
WeShop AI Upgrade,WeShop AI,E-commerce AI,Point pack $118,45.49,45.49,no,1180000,logos/nang-cap-tai-khoan-weshop-ai-chinh-chu-gia-re.png,https://tainguyensieure.com/nang-cap-tai-khoan-weshop-ai-chinh-chu-gia-re/
WeShop AI Upgrade,WeShop AI,E-commerce AI,Point pack $488,188.12,188.12,no,4880000,logos/nang-cap-tai-khoan-weshop-ai-chinh-chu-gia-re.png,https://tainguyensieure.com/nang-cap-tai-khoan-weshop-ai-chinh-chu-gia-re/
Zapier Automation Upgrade,Zapier,Automation & Workflows,Professional (official $29/mo value),17.35,17.35,no,450000,logos/nang-cap-tai-khoan-zapier-automation.png,https://tainguyensieure.com/nang-cap-tai-khoan-zapier-automation/
Zapier Automation Upgrade,Zapier,Automation & Workflows,Professional (official $240/yr value),115.61,115.61,no,2999000,logos/nang-cap-tai-khoan-zapier-automation.png,https://tainguyensieure.com/nang-cap-tai-khoan-zapier-automation/
Base44 Upgrade,Base44,AI App Builder,Starter (1 month),11.56,19.27,yes,300000,logos/tai-khoan-base44-chinh-chu.png,https://tainguyensieure.com/tai-khoan-base44-chinh-chu/
Base44 Upgrade,Base44,AI App Builder,Builder (1 month),26.98,42.40,yes,700000,logos/tai-khoan-base44-chinh-chu.png,https://tainguyensieure.com/tai-khoan-base44-chinh-chu/
Beeble AI Upgrade,Beeble AI,AI VFX & Film,CREATOR (1 month),11.56,18.50,yes,300000,logos/tai-khoan-beeble-ai.png,https://tainguyensieure.com/tai-khoan-beeble-ai/
Beeble AI Upgrade,Beeble AI,AI VFX & Film,PROFESSIONAL (1 month),46.26,73.24,yes,1200000,logos/tai-khoan-beeble-ai.png,https://tainguyensieure.com/tai-khoan-beeble-ai/
Coursera Plus & Business Upgrade,Coursera,Education & Certificates,Coursera Business (own-account),23.13,46.26,yes,600000,logos/tai-khoan-coursera-plus-business.png,https://tainguyensieure.com/tai-khoan-coursera-plus-business/
Coursera Plus & Business Upgrade,Coursera,Education & Certificates,Coursera Business (own-account) — option 2,38.51,77.10,yes,999000,logos/tai-khoan-coursera-plus-business.png,https://tainguyensieure.com/tai-khoan-coursera-plus-business/
Coursera Plus & Business Upgrade,Coursera,Education & Certificates,Shared account,9.64,19.27,yes,250000,logos/tai-khoan-coursera-plus-business.png,https://tainguyensieure.com/tai-khoan-coursera-plus-business/
Coursera Plus & Business Upgrade,Coursera,Education & Certificates,Shared account — option 2,19.27,38.55,yes,500000,logos/tai-khoan-coursera-plus-business.png,https://tainguyensieure.com/tai-khoan-coursera-plus-business/
Coursera Plus & Business Upgrade,Coursera,Education & Certificates,Coursera Business (own-account) — option 3,17.35,30.84,yes,450000,logos/tai-khoan-coursera-plus-business.png,https://tainguyensieure.com/tai-khoan-coursera-plus-business/
Coursera Plus & Business Upgrade,Coursera,Education & Certificates,Coursera Plus (own-account),7.67,19.27,yes,199000,logos/tai-khoan-coursera-plus-business.png,https://tainguyensieure.com/tai-khoan-coursera-plus-business/
Coursera Plus & Business Upgrade,Coursera,Education & Certificates,Coursera Plus (own-account) — option 2,21.20,38.55,yes,550000,logos/tai-khoan-coursera-plus-business.png,https://tainguyensieure.com/tai-khoan-coursera-plus-business/
Coursera Plus & Business Upgrade,Coursera,Education & Certificates,Coursera Plus (own-account) — option 3,42.40,69.39,yes,1100000,logos/tai-khoan-coursera-plus-business.png,https://tainguyensieure.com/tai-khoan-coursera-plus-business/
Coursera Plus & Business Upgrade,Coursera,Education & Certificates,Coursera Plus (own-account) — option 4,84.81,115.65,yes,2200000,logos/tai-khoan-coursera-plus-business.png,https://tainguyensieure.com/tai-khoan-coursera-plus-business/
Coursera Plus & Business Upgrade,Coursera,Education & Certificates,Coursera Business (own-account),23.13,46.26,yes,600000,logos/tai-khoan-coursera-plus.png,https://tainguyensieure.com/tai-khoan-coursera-plus/
Coursera Plus & Business Upgrade,Coursera,Education & Certificates,Coursera Business (own-account) — option 2,38.51,77.10,yes,999000,logos/tai-khoan-coursera-plus.png,https://tainguyensieure.com/tai-khoan-coursera-plus/
Coursera Plus & Business Upgrade,Coursera,Education & Certificates,Shared account,9.64,19.27,yes,250000,logos/tai-khoan-coursera-plus.png,https://tainguyensieure.com/tai-khoan-coursera-plus/
Coursera Plus & Business Upgrade,Coursera,Education & Certificates,Shared account — option 2,19.27,38.55,yes,500000,logos/tai-khoan-coursera-plus.png,https://tainguyensieure.com/tai-khoan-coursera-plus/
Coursera Plus & Business Upgrade,Coursera,Education & Certificates,Coursera Business (own-account) — option 3,17.35,30.84,yes,450000,logos/tai-khoan-coursera-plus.png,https://tainguyensieure.com/tai-khoan-coursera-plus/
Coursera Plus & Business Upgrade,Coursera,Education & Certificates,Coursera Plus (own-account),7.67,19.27,yes,199000,logos/tai-khoan-coursera-plus.png,https://tainguyensieure.com/tai-khoan-coursera-plus/
Coursera Plus & Business Upgrade,Coursera,Education & Certificates,Coursera Plus (own-account) — option 2,21.20,38.55,yes,550000,logos/tai-khoan-coursera-plus.png,https://tainguyensieure.com/tai-khoan-coursera-plus/
Coursera Plus & Business Upgrade,Coursera,Education & Certificates,Coursera Plus (own-account) — option 3,42.40,69.39,yes,1100000,logos/tai-khoan-coursera-plus.png,https://tainguyensieure.com/tai-khoan-coursera-plus/
Coursera Plus & Business Upgrade,Coursera,Education & Certificates,Coursera Plus (own-account) — option 4,84.81,115.65,yes,2200000,logos/tai-khoan-coursera-plus.png,https://tainguyensieure.com/tai-khoan-coursera-plus/
D5 Render PRO Upgrade,D5 Render,Architecture & 3D Rendering,own-account upgrade,23.13,23.13,no,600000,logos/tai-khoan-d5-render-pro.png,https://tainguyensieure.com/tai-khoan-d5-render-pro/
D5 Render PRO Upgrade,D5 Render,Architecture & 3D Rendering,account upgrade,23.13,23.13,no,600000,logos/tai-khoan-d5-render-pro.png,https://tainguyensieure.com/tai-khoan-d5-render-pro/
Dzine AI Upgrade,Dzine AI,AI Graphic Design,Creator (1 month),7.71,18.89,yes,200000,logos/tai-khoan-dzine-ai.png,https://tainguyensieure.com/tai-khoan-dzine-ai/
Dzine AI Upgrade,Dzine AI,AI Graphic Design,Master (1 month),38.51,57.44,yes,999000,logos/tai-khoan-dzine-ai.png,https://tainguyensieure.com/tai-khoan-dzine-ai/
Elicit AI Upgrade,Elicit,Academic Research,Elicit Plus 1 month own-account,7.71,13.49,yes,200000,logos/tai-khoan-elicit.png,https://tainguyensieure.com/tai-khoan-elicit/
Elicit AI Upgrade,Elicit,Academic Research,Elicit Pro 1 month own-account,28.91,46.26,yes,750000,logos/tai-khoan-elicit.png,https://tainguyensieure.com/tai-khoan-elicit/
Envato Elements Upgrade,Envato Elements,Design & Creative Assets,Core 1 month,20.43,26.98,yes,530000,logos/tai-khoan-envato-chinh-chu.png,https://tainguyensieure.com/tai-khoan-envato-chinh-chu/
FangCode AI — Go (1 Month),FangCode AI,AI Coding Agent,Full access (single plan),5.78,5.78,no,150000,logos/tai-khoan-fangcode-ai.png,https://tainguyensieure.com/tai-khoan-fangcode-ai/
Figma Upgrade — Professional & Education,Figma,UI/UX Design,Professional 1 month,15.42,19.27,yes,400000,logos/tai-khoan-figma-pro.png,https://tainguyensieure.com/tai-khoan-figma-pro/
Figma Upgrade — Professional & Education,Figma,UI/UX Design,Education 1 year,19.27,19.27,no,500000,logos/tai-khoan-figma-pro.png,https://tainguyensieure.com/tai-khoan-figma-pro/
"Krea AI — Basic, Pro & Max",Krea AI,AI Image & Video Studio,Basic 1 month,5.78,5.78,no,150000,logos/tai-khoan-krea-ai.png,https://tainguyensieure.com/tai-khoan-krea-ai/
"Krea AI — Basic, Pro & Max",Krea AI,AI Image & Video Studio,Pro 1 month,17.35,17.35,no,450000,logos/tai-khoan-krea-ai.png,https://tainguyensieure.com/tai-khoan-krea-ai/
"Krea AI — Basic, Pro & Max",Krea AI,AI Image & Video Studio,Max 1 month,38.55,38.55,no,1000000,logos/tai-khoan-krea-ai.png,https://tainguyensieure.com/tai-khoan-krea-ai/
Krisp AI Upgrade,Krisp AI,Noise Cancellation,Core ((official $16/mo value)),9.25,15.42,yes,240000,logos/tai-khoan-krisp-ai.png,https://tainguyensieure.com/tai-khoan-krisp-ai/
Krisp AI Upgrade,Krisp AI,Noise Cancellation,Advanced ((official $30/mo value)),17.35,28.91,yes,450000,logos/tai-khoan-krisp-ai.png,https://tainguyensieure.com/tai-khoan-krisp-ai/
Meshy AI Upgrade,Meshy AI,AI 3D Generation,Pro 1 month,6.13,9.64,yes,159000,logos/tai-khoan-meshy.png,https://tainguyensieure.com/tai-khoan-meshy/
Meshy AI Upgrade,Meshy AI,AI 3D Generation,Premium 1 month,11.56,17.35,yes,300000,logos/tai-khoan-meshy.png,https://tainguyensieure.com/tai-khoan-meshy/
Meshy AI Upgrade,Meshy AI,AI 3D Generation,Studio 1 month,26.95,57.82,yes,699000,logos/tai-khoan-meshy.png,https://tainguyensieure.com/tai-khoan-meshy/
Obsidian Sync Upgrade,Obsidian,Notes & Knowledge Management,Full access (single plan),4.63,4.63,no,120000,logos/tai-khoan-obsidian-sync.png,https://tainguyensieure.com/tai-khoan-obsidian-sync/
Pika AI Upgrade,Pika AI,AI Video,Standard 1 month,5.78,5.78,no,150000,logos/tai-khoan-pika-ai.png,https://tainguyensieure.com/tai-khoan-pika-ai/
Pika AI Upgrade,Pika AI,AI Video,Pro 1 month,16.19,16.19,no,420000,logos/tai-khoan-pika-ai.png,https://tainguyensieure.com/tai-khoan-pika-ai/
Pika AI Upgrade,Pika AI,AI Video,Fancy 1 month,29.30,29.30,no,760000,logos/tai-khoan-pika-ai.png,https://tainguyensieure.com/tai-khoan-pika-ai/
Rork AI Upgrade,Rork AI,AI Mobile App Builder,Full access (single plan),13.49,13.49,no,350000,logos/tai-khoan-rork-ai.png,https://tainguyensieure.com/tai-khoan-rork-ai/
Sloyd AI Upgrade,Sloyd AI,AI 3D Generation,Plus (1 month),4.63,9.64,yes,120000,logos/tai-khoan-sloyd-ai.png,https://tainguyensieure.com/tai-khoan-sloyd-ai/
Sloyd AI Upgrade,Sloyd AI,AI 3D Generation,Pro (1 month),14.65,28.91,yes,380000,logos/tai-khoan-sloyd-ai.png,https://tainguyensieure.com/tai-khoan-sloyd-ai/
Storyblocks — Essentials & All Access,Storyblocks,Stock Media,Essentials 1 month,25.06,25.06,no,650000,logos/tai-khoan-storyblocks.png,https://tainguyensieure.com/tai-khoan-storyblocks/
Storyblocks — Essentials & All Access,Storyblocks,Stock Media,Unlimited All Access 1 month,38.51,38.51,no,999000,logos/tai-khoan-storyblocks.png,https://tainguyensieure.com/tai-khoan-storyblocks/
Udemy Business,Udemy,Education & Business Skills,Udemy Business 3 months,9.60,17.35,yes,249000,logos/tai-khoan-udemy-business.png,https://tainguyensieure.com/tai-khoan-udemy-business/
Udemy Business,Udemy,Education & Business Skills,Udemy Business 6 months,18.46,32.77,yes,479000,logos/tai-khoan-udemy-business.png,https://tainguyensieure.com/tai-khoan-udemy-business/
Udemy Business,Udemy,Education & Business Skills,Udemy Business 12 months,26.95,46.26,yes,699000,logos/tai-khoan-udemy-business.png,https://tainguyensieure.com/tai-khoan-udemy-business/
VidIQ Upgrade — Boost & Max,VidIQ,YouTube Growth,Boost 1 month,4.97,9.64,yes,129000,logos/tai-khoan-vidiq-boost-max.png,https://tainguyensieure.com/tai-khoan-vidiq-boost-max/
VidIQ Upgrade — Boost & Max,VidIQ,YouTube Growth,Max 1 month,7.71,23.13,yes,200000,logos/tai-khoan-vidiq-boost-max.png,https://tainguyensieure.com/tai-khoan-vidiq-boost-max/
VidIQ Upgrade — Boost & Max,VidIQ,YouTube Growth,Boost 1 month,4.97,9.64,yes,129000,logos/tai-khoan-vidiq.png,https://tainguyensieure.com/tai-khoan-vidiq/
VidIQ Upgrade — Boost & Max,VidIQ,YouTube Growth,Max 1 month,7.71,23.13,yes,200000,logos/tai-khoan-vidiq.png,https://tainguyensieure.com/tai-khoan-vidiq/
Zapier Automation Upgrade,Zapier,Automation & Workflows,Professional 1 month,17.35,28.91,yes,450000,logos/tai-khoan-zapier.png,https://tainguyensieure.com/tai-khoan-zapier/
Zapier Automation Upgrade,Zapier,Automation & Workflows,Professional 1 year,115.61,212.02,yes,2999000,logos/tai-khoan-zapier.png,https://tainguyensieure.com/tai-khoan-zapier/
